{
  "host": "DESKTOP-DIA8VEH",
  "model": "bert-base-uncased",
  "backend": "gpu",
  "batch_size": 1,
  "seq_len": 128,
  "runs": 100,
  "mean_latency_ms": 4.153485999999984,
  "p50_ms": 4.115749999999974,
  "p90_ms": 4.91723999999989,
  "p99_ms": 5.911330000000082,
  "throughput": 240.76161566452947
}