{
  "host": "DESKTOP-DIA8VEH",
  "model": "bert-base-uncased",
  "backend": "cpu",
  "batch_size": 8,
  "seq_len": 128,
  "runs": 100,
  "mean_latency_ms": 0.5423340739999998,
  "p50_ms": 536.298050000001,
  "p90_ms": 557.1290699999993,
  "p99_ms": 605.8174439999983,
  "throughput": 14.751055453690714
}