{
  "host": "DESKTOP-DIA8VEH",
  "model": "bert-base-uncased",
  "backend": "gpu",
  "batch_size": 32,
  "seq_len": 128,
  "runs": 100,
  "mean_latency_ms": 69.386714,
  "p50_ms": 68.79785000000015,
  "p90_ms": 71.43384000000017,
  "p99_ms": 74.243572,
  "throughput": 461.18339023807926
}