{
  "host": "DESKTOP-DIA8VEH",
  "model": "bert-base-uncased",
  "backend": "cpu",
  "batch_size": 1,
  "seq_len": 128,
  "runs": 100,
  "mean_latency_ms": 0.06745412899999996,
  "p50_ms": 66.2349499999999,
  "p90_ms": 72.76866999999916,
  "p99_ms": 88.03611100000026,
  "throughput": 14.82488937037495
}